DATE,AWAY_TEAM,HOME_TEAM,AWAY_WP,HOME_WP
10/18/22,PHI,BOS,0.325694444,0.594444444
10/18/22,LAL,GSW,0.013194444,0.899652778
10/19/22,ORL,DET,0.401041667,0.560763889
10/19/22,WAS,IND,0.994791667,0
10/19/22,HOU,ATL,0.132638889,0.825347222
10/19/22,NOP,BRK,0.977430556,0
10/19/22,NYK,MEM,0.011320755,0.887735849
10/19/22,CHI,MIA,0.506944444,0.462152778
10/19/22,CLE,TOR,0.48125,0.335069444
10/19/22,OKC,MIN,0.053819444,0.896180556
10/19/22,CHO,SAS,0.988888889,0
10/19/22,DEN,UTA,0.075694444,0.9125
10/19/22,DAL,PHO,0.854166667,0.077083333
10/19/22,POR,SAC,0.436458333,0.454861111
10/20/22,MIL,PHI,0.850694444,0.023958333
10/20/22,LAC,LAL,0.811805556,0.085069444
10/21/22,NOP,CHO,0.981597222,0
10/21/22,SAS,IND,0.993402778,0
10/21/22,CHI,WAS,0.268402778,0.678819444
10/21/22,ORL,ATL,0.502777778,0.376041667
10/21/22,TOR,BRK,0.387847222,0.527083333
10/21/22,BOS,MIA,0.832638889,0.124652778
10/21/22,DET,NYK,0.021875,0.950347222
10/21/22,MEM,HOU,0.329166667,0.567361111
10/21/22,UTA,MIN,0.29245283,0.649685535
10/21/22,DEN,GSW,0.891319444,0.067708333
10/21/22,PHO,POR,0.746855346,0.116981132
10/22/22,SAS,PHI,0.534375,0.282291667
10/22/22,DET,IND,0.529166667,0.464930556
10/22/22,BOS,ORL,0.588194444,0.240277778
10/22/22,CLE,CHI,0.839583333,0.130902778
10/22/22,TOR,MIA,0.019097222,0.944097222
10/22/22,HOU,MIL,0,0.986111111
10/22/22,MEM,DAL,0,0.982291667
10/22/22,OKC,DEN,0.194097222,0.678125
10/22/22,LAC,SAC,0.686111111,0.277777778
10/23/22,POR,LAL,0.486111111,0.445833333
10/23/22,CHO,ATL,0.717013889,0.235416667
10/23/22,WAS,CLE,0.246855346,0.716352201
10/23/22,UTA,NOP,0.647798742,0.243396226
10/23/22,MIN,OKC,0.99375,0
10/23/22,SAC,GSW,0,0.959722222
10/23/22,PHO,LAC,0.9875,0
10/24/22,IND,PHI,0.060763889,0.929513889
10/24/22,TOR,MIA,0.595833333,0.338888889
10/24/22,ORL,NYK,0.127777778,0.806944444
10/24/22,BOS,CHI,0.309027778,0.657638889
10/24/22,UTA,HOU,0.008333333,0.933333333
10/24/22,BRK,MEM,0.198611111,0.755555556
10/24/22,SAS,MIN,0.964583333,0.029513889
10/24/22,DEN,POR,0.522916667,0.433333333
10/25/22,DET,WAS,0.108333333,0.859375
10/25/22,DAL,NOP,0.182638889,0.775694444
10/25/22,LAC,OKC,0.073611111,0.865625
10/25/22,GSW,PHO,0.067361111,0.895138889
10/26/22,ORL,CLE,0.090277778,0.851388889
10/26/22,ATL,DET,0.676041667,0.238888889
10/26/22,BRK,MIL,0.338541667,0.546875
10/26/22,CHO,NYK,0.086163522,0.848113208
10/26/22,PHI,TOR,0.029513889,0.936111111
10/26/22,IND,CHI,0.022222222,0.955902778
10/26/22,SAS,MIN,0.014583333,0.963541667
10/26/22,HOU,UTA,0.013888889,0.947222222
10/26/22,LAL,DEN,0.0375,0.879861111
10/26/22,MIA,POR,0.557986111,0.403819444
10/27/22,DAL,BRK,0.557232704,0.350628931
10/27/22,LAC,OKC,0.117361111,0.832638889
10/27/22,MIA,GSW,0.048611111,0.904513889
10/27/22,MEM,SAC,0.802777778,0.169097222
10/28/22,ATL,DET,0.952777778,0.006597222
10/28/22,CHO,ORL,0.101041667,0.832986111
10/28/22,CLE,BOS,0.332075472,0.58427673
10/28/22,PHI,TOR,0.969097222,0
10/28/22,IND,WAS,0.943055556,0.045138889
10/28/22,NYK,MIL,0.007638889,0.966666667
10/28/22,LAL,MIN,0.056944444,0.904513889
10/28/22,CHI,SAS,0.394791667,0.539236111
10/28/22,UTA,DEN,0.060416667,0.896875
10/28/22,NOP,PHO,0.261111111,0.679166667
10/28/22,HOU,POR,0,0.987152778
10/29/22,MIA,SAC,0,0.984027778
10/29/22,GSW,CHO,0.078930818,0.81572327
10/29/22,IND,BRK,0.487847222,0.461111111
10/29/22,PHI,CHI,0.765972222,0.126388889
10/29/22,ATL,MIL,0.145486111,0.790972222
10/29/22,OKC,DAL,0.341194969,0.587421384
10/29/22,MEM,UTA,0.532291667,0.419444444
10/30/22,NOP,LAC,0.489236111,0.445138889
10/30/22,WAS,BOS,0,0.994444444
10/30/22,NYK,CLE,0.33125,0.606944444
10/30/22,GSW,DET,0.330902778,0.637152778
10/30/22,MIN,SAS,0.141666667,0.838194444
10/30/22,ORL,DAL,0.586111111,0.343402778
10/30/22,HOU,PHO,0,0.979166667
10/30/22,DEN,LAL,0.511111111,0.394791667
10/31/22,SAC,CHO,0.266666667,0.677083333
10/31/22,PHI,WAS,0.707638889,0.137847222
10/31/22,IND,BRK,0.005902778,0.944097222
10/31/22,ATL,TOR,0.061805556,0.865277778
10/31/22,DET,MIL,0,0.980208333
10/31/22,MEM,UTA,0.170486111,0.785763889
10/31/22,HOU,LAC,0.445138889,0.440625
11/1/22,CHI,BRK,0.355902778,0.551041667
11/1/22,GSW,MIA,0.508680556,0.35
11/1/22,ORL,OKC,0.542013889,0.392013889
11/1/22,MIN,PHO,0.1,0.876736111
11/2/22,WAS,PHI,0.810416667,0.089930556
11/2/22,BOS,CLE,0.348113208,0.587421384
11/2/22,SAC,MIA,0.439930556,0.461111111
11/2/22,ATL,NYK,0.435763889,0.520486111
11/2/22,CHO,CHI,0.051041667,0.886805556
11/2/22,LAC,HOU,0.896527778,0.039930556
11/2/22,DET,MIL,0.009722222,0.98125
11/2/22,TOR,SAS,0.970486111,0.023611111
11/2/22,UTA,DAL,0.735763889,0.213541667
11/2/22,MEM,POR,0.945138889,0
11/2/22,NOP,LAL,0.338993711,0.517924528
11/3/22,GSW,ORL,0.642013889,0.270138889
11/3/22,DEN,OKC,0.908680556,0.061111111
11/4/22,CLE,DET,0.827083333,0.152777778
11/4/22,MIA,IND,0.232986111,0.663194444
11/4/22,NYK,PHI,0.265972222,0.660416667
11/4/22,BRK,WAS,0.841319444,0.134375
11/4/22,CHI,BOS,0.274652778,0.654513889
11/4/22,CHO,MEM,0,0.967708333
11/4/22,LAC,SAS,0.554513889,0.401041667
11/4/22,TOR,DAL,0.129166667,0.779166667
11/4/22,GSW,NOP,0.169444444,0.750694444
11/4/22,MIL,MIN,0.980555556,0.006597222
11/4/22,POR,PHO,0.654166667,0.235416667
11/4/22,UTA,LAL,0.915625,0.059722222
11/5/22,SAC,ORL,0.245597484,0.697169811
11/5/22,BRK,CHO,0.608333333,0.344444444
11/5/22,NOP,ATL,0.038679245,0.930188679
11/5/22,BOS,NYK,0.880555556,0.049652778
11/5/22,OKC,MIL,0.109375,0.819097222
11/5/22,HOU,MIN,0.045138889,0.903472222
11/5/22,SAS,DEN,0.085416667,0.894791667
11/5/22,POR,PHO,0.051736111,0.923263889
11/6/22,CLE,LAL,0.407986111,0.558680556
11/6/22,WAS,MEM,0.288888889,0.700347222
11/6/22,CHI,TOR,0.473611111,0.461111111
11/6/22,UTA,LAC,0.692013889,0.229166667
11/7/22,WAS,CHO,0.813888889,0.152083333
11/7/22,HOU,ORL,0.838888889,0.105208333
11/7/22,OKC,DET,0.473958333,0.452430556
11/7/22,NOP,IND,0.0875,0.865625
11/7/22,PHO,PHI,0.06875,0.929166667
11/7/22,MIL,ATL,0.540625,0.444444444
11/7/22,POR,MIA,0.168402778,0.770486111
11/7/22,TOR,CHI,0.187847222,0.774652778
11/7/22,BOS,MEM,0.646180556,0.296875
11/7/22,NYK,MIN,0.894791667,0.048958333
11/7/22,DEN,SAS,0.607291667,0.333680556
11/7/22,BRK,DAL,0.511111111,0.428472222
11/7/22,SAC,GSW,0.716319444,0.265625
11/7/22,LAL,UTA,0.117013889,0.859722222
11/7/22,CLE,LAC,0.732638889,0.182986111
11/9/22,DAL,ORL,0.660763889,0.267361111
11/9/22,POR,CHO,0.432638889,0.510763889
11/9/22,DEN,IND,0.387152778,0.556944444
11/9/22,UTA,ATL,0.729166667,0.225347222
11/9/22,DET,BOS,0.003819444,0.973263889
11/9/22,NYK,BRK,0,0.99375
11/9/22,HOU,TOR,0.467013889,0.478472222
11/9/22,NOP,CHI,0.363194444,0.497916667
11/9/22,PHO,MIN,0.881597222,0.072569444
11/9/22,MIL,OKC,0.479310345,0.297126437
11/9/22,MEM,SAS,0.811320755,0.09591195
11/9/22,LAL,LAC,0.053125,0.910416667
11/9/22,CLE,SAC,0.053472222,0.868055556
11/10/22,DAL,WAS,0.583333333,0.378472222
11/10/22,PHI,ATL,0.048263889,0.901041667
11/10/22,CHO,MIA,0.102201258,0.793710692
11/10/22,POR,NOP,0.531944444,0.394097222
11/11/22,DEN,BOS,0.004513889,0.989236111
11/11/22,PHO,ORL,0.076041667,0.864583333
11/11/22,DET,NYK,0.107986111,0.850694444
11/11/22,TOR,OKC,0.023611111,0.93125
11/11/22,MIL,SAS,0.039930556,0.867361111
11/11/22,MIN,MEM,0.019791667,0.952777778
11/11/22,CLE,GSW,0.598958333,0.253819444
11/11/22,SAC,LAL,0.474305556,0.413194444
11/12/22,BRK,LAC,0.773263889,0.111805556
11/12/22,UTA,WAS,0.343055556,0.588541667
11/12/22,BOS,DET,0.596180556,0.316666667
11/12/22,TOR,IND,0.610763889,0.353819444
11/12/22,ATL,PHI,0.043055556,0.948263889
11/12/22,CHO,MIA,0.022916667,0.929861111
11/12/22,POR,DAL,0.426736111,0.446875
11/12/22,HOU,NOP,0.134722222,0.736458333
11/13/22,OKC,NYK,0.578125,0.369444444
11/13/22,MIN,CLE,0.907986111,0.058680556
11/13/22,MEM,WAS,0.130208333,0.808333333
11/13/22,UTA,PHI,0.555208333,0.275
11/13/22,DEN,CHI,0.992361111,0
11/13/22,GSW,SAC,0.461458333,0.486805556
11/13/22,BRK,LAL,0,0.969791667
11/14/22,TOR,DET,0.862152778,0.089236111
11/14/22,CHO,ORL,0.994791667,0
11/14/22,OKC,BOS,0.774652778,0.125
11/14/22,PHO,MIA,0.553819444,0.386805556
11/14/22,LAC,HOU,0.875347222,0.066666667
11/14/22,ATL,MIL,0.954861111,0.026388889
11/14/22,SAS,GSW,0.022916667,0.972222222
11/15/22,MEM,NOP,0.352083333,0.562847222
11/15/22,LAC,DAL,0.123611111,0.78125
11/15/22,NYK,UTA,0.443402778,0.485069444
11/15/22,SAS,POR,0.485069444,0.446875
11/15/22,BRK,SAC,0.005208333,0.950347222
11/16/22,IND,CHO,0.41875,0.424652778
11/16/22,MIN,ORL,0.979861111,0
11/16/22,OKC,WAS,0.116666667,0.779166667
11/16/22,BOS,ATL,0.947569444,0.014236111
11/16/22,MIA,TOR,0.632986111,0.349305556
11/16/22,CLE,MIL,0.402777778,0.538194444
11/16/22,CHI,NOP,0.129861111,0.846527778
11/16/22,HOU,DAL,0.713194444,0.102083333
11/16/22,NYK,DEN,0.291319444,0.588194444
11/16/22,GSW,PHO,0.088194444,0.8875
11/17/22,BRK,POR,0.385763889,0.528472222
11/17/22,SAS,SAC,0,0.927083333
11/17/22,DET,LAC,0.625,0.315277778
11/18/22,MIA,WAS,0.616666667,0.25754717
11/18/22,CHO,CLE,0.095689655,0.872988506
11/18/22,MIL,PHI,0.601041667,0.336111111
11/18/22,ORL,CHI,0.904513889,0.018055556
11/18/22,IND,HOU,0.288194444,0.690972222
11/18/22,OKC,MEM,0,0.983333333
11/18/22,DEN,DAL,0.08125,0.815972222
11/18/22,BOS,NOP,0.957638889,0.023958333
11/18/22,PHO,UTA,0.011458333,0.95
11/18/22,NYK,GSW,0.0125,0.962847222
11/18/22,DET,LAL,0.342708333,0.587152778
11/19/22,TOR,ATL,0.627987421,0.252201258
11/19/22,ORL,IND,0.723263889,0.234027778
11/19/22,MIN,PHI,0.821527778,0.116319444
11/19/22,UTA,POR,0.584027778,0.373958333
11/19/22,SAS,LAC,0,0.979166667
11/20/22,NYK,PHO,0.009375,0.952430556
11/20/22,DET,SAC,0.570833333,0.364583333
11/20/22,CHO,WAS,0.113888889,0.851736111
11/20/22,MEM,BRK,0.243402778,0.729861111
11/20/22,MIA,CLE,0.202430556,0.759722222
11/20/22,GSW,HOU,0.550694444,0.403472222
11/20/22,DEN,DAL,0.680208333,0.222916667
11/20/22,SAS,LAL,0.044444444,0.928819444
11/21/22,ATL,CLE,0.164930556,0.800694444
11/21/22,ORL,IND,0.147916667,0.821180556
11/21/22,BOS,CHI,0.015277778,0.947222222
11/21/22,POR,MIL,0.20625,0.720833333
11/21/22,MIA,MIN,0.598263889,0.329861111
11/21/22,GSW,NOP,0.016319444,0.970138889
11/21/22,NYK,OKC,0.907291667,0.068055556
11/21/22,UTA,LAC,0.215625,0.706944444
11/22/22,BRK,PHI,0.153125,0.803472222
11/22/22,SAC,MEM,0.647222222,0.301388889
11/22/22,DET,DEN,0.655208333,0.252430556
11/22/22,LAL,PHO,0.069444444,0.832291667
11/23/22,PHI,CHO,0.704166667,0.263194444
11/23/22,POR,CLE,0.089583333,0.828472222
11/23/22,MIN,IND,0.984722222,0.007291667
11/23/22,SAC,ATL,0.010416667,0.935416667
11/23/22,DAL,BOS,0.016666667,0.952430556
11/23/22,WAS,MIA,0.225694444,0.764930556
11/23/22,BRK,TOR,0.944097222,0.045486111
11/23/22,CHI,MIL,0.300694444,0.584722222
11/23/22,DEN,OKC,0.574213836,0.386163522
11/23/22,NOP,SAS,0.974305556,0
11/23/22,DET,UTA,0.957291667,0.027777778
11/23/22,LAC,GSW,0.046875,0.931944444
11/25/22,MIN,CHO,0.590625,0.374652778
11/25/22,PHI,ORL,0.540277778,0.447916667
11/25/22,POR,NYK,0.417295597,0.463207547
11/25/22,SAC,BOS,0.189930556,0.754513889
11/25/22,ATL,HOU,0.628125,0.353472222
11/25/22,BRK,IND,0.738541667,0.200347222
11/25/22,NOP,MEM,0,0.986458333
11/25/22,WAS,MIA,0.710416667,0.136458333
11/25/22,CLE,MIL,0.589236111,0.402430556
11/25/22,CHI,OKC,0.333962264,0.535534591
11/25/22,LAL,SAS,0.994097222,0
11/25/22,DET,PHO,0.272569444,0.597222222
11/25/22,UTA,GSW,0.006597222,0.968402778
11/25/22,DEN,LAC,0.96875,0.005902778
11/26/22,DAL,TOR,0.318055556,0.632638889
11/26/22,OKC,HOU,0.015972222,0.927083333
11/26/22,LAL,SAS,0.608333333,0.320833333
11/26/22,UTA,PHO,0.613541667,0.257291667
11/27/22,POR,BRK,0.193055556,0.726736111
11/27/22,GSW,MIN,0.988541667,0.003125
11/27/22,IND,LAC,0.159027778,0.775694444
11/27/22,MIA,ATL,0.444444444,0.549652778
11/27/22,WAS,BOS,0.010416667,0.960416667
11/27/22,CLE,DET,0.152430556,0.8
11/27/22,MEM,NYK,0.823958333,0.095138889
11/27/22,PHI,ORL,0.900347222,0.064930556
11/27/22,DAL,MIL,0,0.988194444
11/28/22,ATL,PHI,0.807638889,0.118055556
11/28/22,MIN,WAS,0,0.99375
11/28/22,CHO,BOS,0,0.994097222
11/28/22,ORL,BRK,0.336805556,0.608680556
11/28/22,CLE,TOR,0.098263889,0.854166667
11/28/22,OKC,NOP,0.099652778,0.875347222
11/28/22,HOU,DEN,0.216666667,0.720486111
11/28/22,CHI,UTA,0.36875,0.592013889
11/28/22,PHO,SAC,0.619791667,0.230902778
11/28/22,IND,LAL,0.105555556,0.836805556
11/29/22,NYK,DET,0.986111111,0.007638889
11/29/22,GSW,DAL,0.099305556,0.857638889
11/29/22,LAC,POR,0.226736111,0.6125
11/30/22,PHI,CLE,0.077777778,0.885416667
11/30/22,ATL,ORL,0.960416667,0.012847222
11/30/22,MIA,BOS,0.054861111,0.868402778
11/30/22,WAS,BRK,0.082638889,0.839930556
11/30/22,MIL,NYK,0.616666667,0.289930556
11/30/22,MEM,MIN,0.321180556,0.605208333
11/30/22,TOR,NOP,0.094097222,0.876736111
11/30/22,SAS,OKC,0.773958333,0.162847222
11/30/22,HOU,DEN,0,0.992361111
11/30/22,CHI,PHO,0,0.983333333
11/30/22,LAC,UTA,0.087847222,0.866666667
11/30/22,IND,SAC,0.023958333,0.95
11/30/22,POR,LAL,0.232986111,0.723611111
12/1/22,DAL,DET,0.4,0.489308176
12/2/22,WAS,CHO,0.012847222,0.971875
12/2/22,DEN,ATL,0.007291667,0.980555556
12/2/22,MIA,BOS,0.408490566,0.399371069
12/2/22,TOR,BRK,0,0.986111111
12/2/22,ORL,CLE,0.057986111,0.887152778
12/2/22,LAL,MIL,0.816666667,0.129166667
12/2/22,PHI,MEM,0.200347222,0.774305556
12/2/22,NOP,SAS,0.736458333,0.172916667
12/2/22,HOU,PHO,0.101041667,0.853819444
12/2/22,IND,UTA,0.038194444,0.926041667
12/2/22,CHI,GSW,0.028125,0.946875
12/3/22,DAL,NYK,0.416666667,0.526388889
12/3/22,SAC,LAC,0.961805556,0.022569444
12/3/22,MIL,CHO,0.948263889,0.019791667
12/3/22,OKC,MIN,0.756944444,0.160763889
12/3/22,ORL,TOR,0.004513889,0.986111111
12/3/22,HOU,GSW,0,0.986458333
12/3/22,POR,UTA,0.848958333,0.109027778
12/4/22,DEN,NOP,0.522569444,0.439236111
12/4/22,PHO,SAS,0.847569444,0.111458333
12/4/22,BOS,BRK,0.893402778,0.080902778
12/4/22,MEM,DET,0.983333333,0
12/4/22,CLE,NYK,0,0.963541667
12/4/22,CHI,SAC,0.155555556,0.817013889
12/4/22,LAL,WAS,0.939930556,0.042013889
12/4/22,IND,POR,0.110069444,0.839930556
12/5/22,LAC,CHO,0.730902778,0.176736111
12/5/22,MIL,ORL,0.828125,0.127777778
12/5/22,OKC,ATL,0.248958333,0.701388889
12/5/22,BOS,TOR,0.488541667,0.425347222
12/5/22,PHI,HOU,0.485632184,0.405747126
12/5/22,MIA,MEM,0.36875,0.533680556
12/5/22,PHO,DAL,0.029513889,0.95625
12/5/22,IND,GSW,0.878472222,0.046875
12/6/22,LAL,CLE,0.123611111,0.767708333
12/6/22,DET,MIA,0.457638889,0.476388889
12/6/22,DAL,DEN,0.840277778,0.119791667
12/7/22,LAC,ORL,0.845597484,0.110377358
12/7/22,CHO,BRK,0.019097222,0.969444444
12/7/22,ATL,NYK,0.007291667,0.986458333
12/7/22,LAL,TOR,0,0.994444444
12/7/22,WAS,CHI,0.205902778,0.721527778
12/7/22,OKC,MEM,0.052777778,0.906597222
12/7/22,SAC,MIL,0.118055556,0.848611111
12/7/22,IND,MIN,0.20625,0.735763889
12/7/22,DET,NOP,0.280208333,0.701736111
12/7/22,GSW,UTA,0.473263889,0.421875
12/7/22,BOS,PHO,0.854861111,0.115277778
12/8/22,LAC,MIA,0.482638889,0.39375
12/8/22,HOU,SAS,0.319791667,0.583680556
12/8/22,DEN,POR,0.207986111,0.738541667
12/9/22,NYK,CHO,0.873263889,0.063888889
12/9/22,WAS,IND,0.260763889,0.674652778
12/9/22,TOR,ORL,0.049305556,0.824652778
12/9/22,ATL,BRK,0.152430556,0.776388889
12/9/22,SAC,CLE,0.660416667,0.305208333
12/9/22,LAL,PHI,0.179245283,0.754402516
12/9/22,DET,MEM,0.004513889,0.967013889
12/9/22,PHO,NOP,0.248611111,0.638541667
12/9/22,MIN,UTA,0.947222222,0.035416667
12/9/22,MIL,DAL,0.246527778,0.680902778
12/10/22,SAS,MIA,0.382986111,0.563194444
12/10/22,BRK,IND,0.257638889,0.674652778
12/10/22,LAC,WAS,0.221527778,0.748263889
12/10/22,OKC,CLE,0,0.980902778
12/10/22,DAL,CHI,0.015625,0.979513889
12/10/22,BOS,GSW,0.035069444,0.940277778
12/10/22,UTA,DEN,0.107291667,0.803125
12/10/22,MIN,POR,0.266666667,0.559375
12/11/22,PHO,NOP,0.478930818,0.47672956
12/11/22,LAL,DET,0.944444444,0.010416667
12/11/22,SAC,NYK,0.058333333,0.927083333
12/11/22,TOR,ORL,0.224305556,0.728472222
12/11/22,CHO,PHI,0.248611111,0.673611111
12/11/22,CHI,ATL,0.229559748,0.664779874
12/11/22,MIL,HOU,0.595138889,0.30625
12/12/22,MIA,IND,0.803472222,0.148958333
12/12/22,BRK,WAS,0.894097222,0.075
12/12/22,ATL,MEM,0.033333333,0.937847222
12/12/22,OKC,DAL,0.145833333,0.785416667
12/12/22,CLE,SAS,0.046875,0.902777778
12/12/22,MIN,POR,0,0.972569444
12/12/22,BOS,LAC,0.078125,0.853819444
12/13/22,SAC,PHI,0.041666667,0.923263889
12/13/22,GSW,MIL,0.097569444,0.886111111
12/13/22,PHO,HOU,0,0.976041667
12/13/22,NOP,UTA,0.328819444,0.591666667
12/13/22,BOS,LAL,0.769496855,0.206918239
12/14/22,DET,CHO,0.491823899,0.349056604
12/14/22,GSW,IND,0.230555556,0.763888889
12/14/22,ATL,ORL,0,0.974305556
12/14/22,NYK,CHI,0.856603774,0.019496855
12/14/22,SAC,TOR,0.203125,0.750694444
12/14/22,MIA,OKC,0.53125,0.319097222
12/14/22,POR,SAS,0.958333333,0.008333333
12/14/22,CLE,DAL,0.994097222,0
12/14/22,WAS,DEN,0.180208333,0.749652778
12/14/22,MIN,LAC,0.547569444,0.321527778
12/15/22,MIA,HOU,0.678125,0.224305556
12/15/22,MIL,MEM,0,0.977430556
12/15/22,NOP,UTA,0.492767296,0.409119497
12/15/22,PHO,LAC,0.903125,0.083680556
12/16/22,ATL,CHO,0.938888889,0.051736111
12/16/22,SAC,DET,0.570833333,0.332638889
12/16/22,ORL,BOS,0.771875,0.222916667
12/16/22,IND,CLE,0.692013889,0.268055556
12/16/22,GSW,PHI,0.564236111,0.378125
12/16/22,BRK,TOR,0.297569444,0.685763889
12/16/22,NYK,CHI,0.640277778,0.331944444
12/16/22,MIN,OKC,0.685069444,0.192361111
12/16/22,POR,DAL,0.252777778,0.734722222
12/16/22,DEN,LAL,0.398958333,0.517361111
12/17/22,WAS,LAC,0.776388889,0.147916667
12/17/22,MIA,SAS,0.514236111,0.457986111
12/17/22,DAL,CLE,0.603459119,0.260062893
12/17/22,POR,HOU,0.963888889,0.013541667
12/17/22,UTA,MIL,0.032638889,0.884375
12/17/22,MEM,OKC,0.142708333,0.820833333
12/17/22,NOP,PHO,0.709375,0.262847222
12/18/22,ORL,BOS,0.739236111,0.130208333
12/18/22,NYK,IND,0.426041667,0.449652778
12/18/22,BRK,DET,0.211458333,0.745486111
12/18/22,GSW,TOR,0.963888889,0.011805556
12/18/22,CHI,MIN,0.132986111,0.826388889
12/18/22,CHO,DEN,0.371527778,0.558680556
12/18/22,WAS,LAL,0.225694444,0.706944444
12/19/22,UTA,CLE,0.012847222,0.969791667
12/19/22,TOR,PHI,0.207861635,0.718553459
12/19/22,ORL,ATL,0.114236111,0.872222222
12/19/22,SAS,HOU,0.790625,0.141666667
12/19/22,DAL,MIN,0.384722222,0.582638889
12/19/22,MIL,NOP,0.874305556,0.110763889
12/19/22,POR,OKC,0.646180556,0.275
12/19/22,LAL,PHO,0.055208333,0.930902778
12/19/22,CHO,SAC,0.6875,0.269097222
12/20/22,UTA,DET,0.868402778,0.052777778
12/20/22,CHI,MIA,0.710069444,0.238888889
12/20/22,GSW,NYK,0,0.960069444
12/20/22,WAS,PHO,0.602430556,0.320833333
12/20/22,MEM,DEN,0,0.984375
12/21/22,MIL,CLE,0.055208333,0.922569444
12/21/22,DET,PHI,0.053125,0.903125
12/21/22,CHI,ATL,0.790277778,0.165625
12/21/22,IND,BOS,0.895486111,0.085069444
12/21/22,GSW,BRK,0,0.991319444
12/21/22,TOR,NYK,0.723611111,0.178819444
12/21/22,ORL,HOU,0.149652778,0.842361111
12/21/22,DAL,MIN,0.373958333,0.503125
12/21/22,POR,OKC,0.76875,0.165972222
12/21/22,LAL,SAC,0.180208333,0.785763889
12/21/22,CHO,LAC,0.015277778,0.961111111
12/22/22,SAS,NOP,0.019097222,0.965625
12/22/22,WAS,UTA,0.469444444,0.479513889
12/23/22,SAS,ORL,0.315625,0.522916667
12/23/22,LAC,PHI,0.686458333,0.232291667
12/23/22,DET,ATL,0.422569444,0.536458333
12/23/22,MIN,BOS,0.3375,0.593402778
12/23/22,MIL,BRK,0.05,0.919791667
12/23/22,TOR,CLE,0.951736111,0.021527778
12/23/22,CHI,NYK,0.290972222,0.634375
12/23/22,DAL,HOU,0.635069444,0.276041667
12/23/22,IND,MIA,0.684722222,0.213541667
12/23/22,NOP,OKC,0.638993711,0.307232704
12/23/22,POR,DEN,0.152083333,0.817361111
12/23/22,MEM,PHO,0.979166667,0
12/23/22,WAS,SAC,0.789236111,0.167708333
12/23/22,CHO,LAL,0.749652778,0.198611111
12/25/22,PHI,NYK,0.221527778,0.745833333
12/25/22,LAL,DAL,0.604861111,0.380555556
12/25/22,MIL,BOS,0.013541667,0.980555556
12/25/22,MEM,GSW,0.013541667,0.982291667
12/25/22,PHO,DEN,0.621069182,0.321698113
12/26/22,BRK,CLE,0.907986111,0.038888889
12/26/22,LAC,DET,0.442138365,0.475786164
12/26/22,MIN,MIA,0.114236111,0.803125
12/26/22,HOU,CHI,0.897222222,0.078819444
12/26/22,IND,NOP,0.120486111,0.829861111
12/26/22,UTA,SAS,0.015625,0.946875
12/26/22,CHO,POR,0.354513889,0.579861111
12/27/22,LAL,ORL,0.88125,0.055902778
12/27/22,PHI,WAS,0.140277778,0.846527778
12/27/22,HOU,BOS,0.174305556,0.720138889
12/27/22,ATL,IND,0.211111111,0.781597222
12/27/22,LAC,TOR,0.770138889,0.168055556
12/27/22,PHO,MEM,0.818055556,0.169444444
12/27/22,SAS,OKC,0.073958333,0.899305556
12/27/22,NYK,DAL,0.873584906,0.07672956
12/27/22,CHO,GSW,0.044444444,0.883680556
12/27/22,DEN,SAC,0.104166667,0.846875
12/28/22,ORL,DET,0.220833333,0.746180556
12/28/22,PHO,WAS,0.004513889,0.982291667
12/28/22,BRK,ATL,0.317708333,0.533680556
12/28/22,LAL,MIA,0.088888889,0.835069444
12/28/22,MIL,CHI,0.633333333,0.317295597
12/28/22,MIN,NOP,0.755902778,0.153472222
12/28/22,UTA,GSW,0.76875,0.156944444
12/28/22,DEN,SAC,0.957291667,0.009027778
12/29/22,OKC,CHO,0.057638889,0.873611111
12/29/22,CLE,IND,0.447222222,0.459375
12/29/22,LAC,BOS,0.148958333,0.780208333
12/29/22,MEM,TOR,0.989583333,0.005208333
12/29/22,NYK,SAS,0.118402778,0.837152778
12/29/22,HOU,DAL,0.006944444,0.972916667
12/30/22,WAS,ORL,0.919791667,0.042361111
12/30/22,LAL,ATL,0.322569444,0.625694444
12/30/22,PHO,TOR,0.076388889,0.85
12/30/22,DET,CHI,0.198611111,0.645486111
12/30/22,MIN,MIL,0.583333333,0.371180556
12/30/22,PHI,NOP,0.217013889,0.765277778
12/30/22,MIA,DEN,0.455208333,0.4625
12/30/22,POR,GSW,0.412152778,0.580208333
12/30/22,UTA,SAC,0.056597222,0.894791667
12/31/22,LAC,IND,0.172569444,0.742708333
12/31/22,CLE,CHI,0.794791667,0.143055556
12/31/22,BRK,CHO,0.985069444,0
12/31/22,NYK,HOU,0.535416667,0.400694444
12/31/22,DAL,SAS,0.685069444,0.198958333
12/31/22,NOP,MEM,0.007986111,0.986458333
12/31/22,DET,MIN,0.219444444,0.726041667
12/31/22,PHI,OKC,0.992708333,0
12/31/22,MIA,UTA,0.633680556,0.273958333
1/1/23,BOS,DEN,0.0125,0.944444444
1/1/23,SAC,MEM,0.245486111,0.639930556
1/1/23,WAS,MIL,0.981944444,0.006597222
1/2/23,PHO,NYK,0.056597222,0.927430556
1/2/23,LAL,CHO,0.969097222,0.015277778
1/2/23,CHI,CLE,0.883018868,0.083647799
1/2/23,TOR,IND,0.460416667,0.427430556
1/2/23,NOP,PHI,0.028125,0.913888889
1/2/23,SAS,BRK,0,0.976736111
1/2/23,DAL,HOU,0.134027778,0.827083333
1/2/23,DEN,MIN,0.086111111,0.845486111
1/2/23,ATL,GSW,0.28591954,0.625
1/2/23,DET,POR,0.265972222,0.680555556
1/2/23,MIA,LAC,0.795138889,0.096527778
1/3/23,WAS,MIL,0.167708333,0.776388889
1/3/23,BOS,OKC,0.069444444,0.881597222
1/3/23,SAC,UTA,0.828125,0.101736111
1/4/23,MEM,CHO,0.921180556,0.024305556
1/4/23,PHO,CLE,0.849305556,0.056944444
1/4/23,OKC,ORL,0.032291667,0.878819444
1/4/23,IND,PHI,0.259433962,0.658176101
1/4/23,SAS,NYK,0.032986111,0.895138889
1/4/23,MIL,TOR,0.891509434,0.01918239
1/4/23,BRK,CHI,0.0125,0.968402778
1/4/23,POR,MIN,0.060416667,0.827777778
1/4/23,HOU,NOP,0,0.992013889
1/4/23,DET,GSW,0.947569444,0.014583333
1/4/23,MIA,LAL,0.303125,0.612152778
1/4/23,ATL,SAC,0.825694444,0.055902778
1/5/23,MEM,ORL,0.911458333,0.048263889
1/5/23,BOS,DAL,0.9375,0.015277778
1/5/23,UTA,HOU,0.929861111,0.040972222
1/5/23,LAC,DEN,0,0.987847222
1/6/23,POR,IND,0.432638889,0.461805556
1/6/23,CHI,PHI,0.530902778,0.425347222
1/6/23,BRK,NOP,0.330208333,0.603819444
1/6/23,NYK,TOR,0.957986111,0.006597222
1/6/23,CHO,MIL,0.95625,0.035069444
1/6/23,WAS,OKC,0.00625,0.950694444
1/6/23,DET,SAS,0.086805556,0.871527778
1/6/23,CLE,DEN,0.193055556,0.702777778
1/6/23,LAC,MIN,0,0.990972222
1/6/23,MIA,PHO,0.860069444,0.092013889
1/6/23,ATL,LAL,0,0.994097222
1/7/23,BOS,SAS,0.961805556,0
1/7/23,UTA,CHI,0.301388889,0.587152778
1/7/23,NOP,DAL,0.015972222,0.976736111
1/7/23,ORL,GSW,0.811458333,0.145486111
1/7/23,LAL,SAC,0.462847222,0.377777778
1/8/23,PHI,DET,0.968402778,0.024652778
1/8/23,POR,TOR,0.129861111,0.8125
1/8/23,CHO,IND,0.656944444,0.1875
1/8/23,UTA,MEM,0.046527778,0.886805556
1/8/23,BRK,MIA,0.659375,0.267708333
1/8/23,MIN,HOU,0.38125,0.574652778
1/8/23,DAL,OKC,0.279513889,0.689930556
1/8/23,CLE,PHO,0.840625,0.125347222
1/8/23,ATL,LAC,0.422569444,0.548611111
1/9/23,NOP,WAS,0.746875,0.221875
1/9/23,CHI,BOS,0.036458333,0.926736111
1/9/23,MIL,NYK,0.289930556,0.6
1/9/23,SAS,MEM,0.1,0.859375
1/9/23,LAL,DEN,0.034722222,0.896875
1/9/23,ORL,SAC,0.030555556,0.954513889
1/10/23,DET,PHI,0.006944444,0.984375
1/10/23,OKC,MIA,0.162152778,0.774652778
1/10/23,CHO,TOR,0.113888889,0.757638889
1/10/23,CLE,UTA,0.330902778,0.591666667
1/10/23,PHO,GSW,0.872916667,0.106597222
1/10/23,ORL,POR,0.9625,0
1/10/23,DAL,LAC,0,0.992708333
1/11/23,MIN,DET,0.512847222,0.453819444
1/11/23,CHI,WAS,0.419097222,0.490625
1/11/23,MIL,ATL,0.96875,0.007638889
1/11/23,NOP,BOS,0.082291667,0.882986111
1/11/23,IND,NYK,0,0.975
1/11/23,SAS,MEM,0.23125,0.739583333
1/11/23,PHO,DEN,0.006944444,0.954166667
1/11/23,HOU,SAC,0.137847222,0.797916667
1/12/23,OKC,PHI,0.881597222,0.038194444
1/12/23,BOS,BRK,0.429513889,0.507986111
1/12/23,MIL,MIA,0.351736111,0.521875
1/12/23,CHO,TOR,0,0.989930556
1/12/23,DAL,LAL,0.831034483,0.060057471
1/12/23,CLE,POR,0.089583333,0.881597222
1/13/23,NOP,DET,0.863194444,0.052777778
1/13/23,ATL,IND,0.596527778,0.290972222
1/13/23,NYK,WAS,0.504861111,0.420833333
1/13/23,GSW,SAS,0.96875,0.021875
1/13/23,OKC,CHI,0.90625,0.046527778
1/13/23,PHO,MIN,0.008333333,0.934375
1/13/23,ORL,UTA,0.110416667,0.812152778
1/13/23,DEN,LAC,0.494444444,0.437152778
1/13/23,HOU,SAC,0.130555556,0.761458333
1/14/23,MIL,MIA,0.013888889,0.972569444
1/14/23,BOS,CHO,0.500694444,0.456944444
1/14/23,MEM,IND,0.930902778,0.017708333
1/14/23,ATL,TOR,0.959375,0
1/14/23,CLE,MIN,0.469444444,0.454166667
1/14/23,PHI,UTA,0.954861111,0.004861111
1/14/23,DAL,POR,0.062152778,0.894791667
1/15/23,NYK,DET,0.992013889,0
1/15/23,HOU,LAC,0.582638889,0.330555556
1/15/23,GSW,CHI,0.136111111,0.840625
1/15/23,OKC,BRK,0.540972222,0.386805556
1/15/23,SAC,SAS,0.63125,0.301041667
1/15/23,ORL,DEN,0.201388889,0.739930556
1/15/23,DAL,POR,0.028125,0.927777778
1/15/23,PHI,LAL,0.595486111,0.253819444
1/16/23,BOS,CHO,0.940972222,0.005208333
1/16/23,IND,MIL,0.644444444,0.293402778
1/16/23,NOP,CLE,0.639236111,0.329861111
1/16/23,TOR,NYK,0.385849057,0.537735849
1/16/23,GSW,WAS,0.345833333,0.517013889
1/16/23,MIA,ATL,0,0.973611111
1/16/23,UTA,MIN,0.115972222,0.749652778
1/16/23,PHO,MEM,0.335416667,0.585069444
1/16/23,HOU,LAL,0.013541667,0.949305556
1/17/23,TOR,MIL,0.231944444,0.739236111
1/17/23,BRK,SAS,0.086111111,0.834375
1/17/23,POR,DEN,0.080208333,0.874305556
1/17/23,PHI,LAC,0.884375,0.059027778
1/18/23,ATL,DAL,0.735763889,0.227777778
1/18/23,WAS,NYK,0.995833333,0
1/18/23,CHO,HOU,0.584722222,0.3625
1/18/23,CLE,MEM,0.342013889,0.577777778
1/18/23,MIA,NOP,0.965972222,0
1/18/23,IND,OKC,0,0.994791667
1/18/23,LAC,UTA,0,0.992361111
1/18/23,MIN,DEN,0.603472222,0.3375
1/18/23,SAC,LAL,0.481944444,0.458680556
1/19/23,CHI,DET,0.99375,0
1/19/23,GSW,BOS,0.531132075,0.401257862
1/19/23,TOR,MIN,0.792361111,0.120486111
1/19/23,BRK,PHO,0.110416667,0.875347222
1/19/23,PHI,POR,0.969097222,0
1/20/23,NOP,ORL,0.712152778,0.238194444
1/20/23,NYK,ATL,0.352430556,0.606597222
1/20/23,GSW,CLE,0.894791667,0.083680556
1/20/23,MIA,DAL,0.00625,0.95
1/20/23,LAC,SAS,0.466319444,0.401041667
1/20/23,IND,DEN,0.005555556,0.963888889
1/20/23,BRK,UTA,0.610763889,0.261805556
1/20/23,MEM,LAL,0.774305556,0.151041667
1/20/23,OKC,SAC,0.558333333,0.371875
1/21/23,BOS,TOR,0.347222222,0.578819444
1/21/23,ORL,WAS,0,0.959722222
1/21/23,CHO,ATL,0.088888889,0.879166667
1/21/23,MIL,CLE,0.209375,0.745486111
1/21/23,HOU,MIN,0.426041667,0.483680556
1/21/23,IND,PHO,0.259722222,0.61875
1/21/23,PHI,SAC,0.312152778,0.664583333
1/22/23,LAC,DAL,0.529861111,0.352083333
1/22/23,NOP,MIA,0.757638889,0.170138889
1/22/23,NYK,TOR,0.05,0.904166667
1/22/23,OKC,DEN,0.950694444,0.015625
1/22/23,MEM,PHO,0,0.984027778
1/22/23,BRK,GSW,0.230902778,0.721875
1/22/23,LAL,POR,0.444097222,0.518402778
1/23/23,MIL,DET,0.985763889,0
1/23/23,BOS,ORL,0.152430556,0.781597222
1/23/23,ATL,CHI,0.156597222,0.714930556
1/23/23,MIN,HOU,0.099652778,0.815625
1/23/23,CHO,UTA,0.160416667,0.778125
1/23/23,SAS,POR,0.214930556,0.678472222
1/23/23,MEM,SAC,0.023611111,0.916319444
1/24/23,CHI,IND,0.911458333,0.048958333
1/24/23,BOS,MIA,0.616666667,0.267013889
1/24/23,CLE,NYK,0.215972222,0.758680556
1/24/23,DEN,NOP,0.889236111,0.040972222
1/24/23,WAS,DAL,0.661458333,0.221180556
1/24/23,CHO,PHO,0.007638889,0.972916667
1/24/23,LAC,LAL,0.993055556,0
1/25/23,IND,ORL,0,0.995486111
1/25/23,BRK,PHI,0.078819444,0.839930556
1/25/23,WAS,HOU,0.173263889,0.802777778
1/25/23,DEN,MIL,0.205902778,0.714930556
1/25/23,MIN,NOP,0.532986111,0.447222222
1/25/23,ATL,OKC,0.464930556,0.428125
1/25/23,MEM,GSW,0.525694444,0.331944444
1/25/23,UTA,POR,0.380555556,0.570833333
1/25/23,TOR,SAC,0.883333333,0.075347222
1/25/23,SAS,LAL,0.645486111,0.307291667
1/26/23,NYK,BOS,0.487106918,0.429559748
1/26/23,DET,BRK,0.814930556,0.160763889
1/26/23,CHI,CHO,0.531944444,0.393055556
1/26/23,CLE,HOU,0.953472222,0.011805556
1/26/23,DAL,PHO,0.720833333,0.209722222
1/26/23,SAS,LAC,0,0.988194444
1/27/23,MIL,IND,0.977777778,0.003819444
1/27/23,MEM,MIN,0.005208333,0.977430556
1/27/23,ORL,MIA,0.567013889,0.385763889
1/27/23,CLE,OKC,0.478125,0.397916667
1/27/23,TOR,GSW,0.498611111,0.398958333
1/28/23,DEN,PHI,0.820833333,0.115625
1/28/23,NYK,BRK,0.004513889,0.9625
1/28/23,HOU,DET,0.265625,0.615972222
1/28/23,CHI,ORL,0.951388889,0.026736111
1/28/23,LAC,ATL,0.6875,0.229861111
1/28/23,SAC,MIN,0.098611111,0.843055556
1/28/23,WAS,NOP,0.78125,0.188888889
1/28/23,PHO,SAS,0.958176101,0
1/28/23,LAL,BOS,0.563836478,0.330503145
1/28/23,DAL,UTA,0.016666667,0.958680556
1/28/23,TOR,POR,0.990972222,0
1/29/23,MIA,CHO,0.40625,0.445138889
1/29/23,IND,MEM,0.601041667,0.347916667
1/29/23,LAC,CLE,0,0.98125
1/29/23,NOP,MIL,0,0.989930556
1/30/23,ORL,PHI,0.21875,0.733333333
1/30/23,LAL,BRK,0.125347222,0.836805556
1/30/23,SAC,MIN,0.566352201,0.314150943
1/30/23,GSW,OKC,0.993402778,0.002430556
1/30/23,WAS,SAS,0.71875,0.255902778
1/30/23,DET,DAL,0.444097222,0.488888889
1/30/23,TOR,PHO,0.202777778,0.725694444
1/30/23,ATL,POR,0.003472222,0.975
1/31/23,MIA,CLE,0.413888889,0.464583333
1/31/23,LAL,NYK,0.670125786,0.200314465
1/31/23,LAC,CHI,0.293055556,0.623611111
1/31/23,CHO,MIL,0.240277778,0.653125
1/31/23,NOP,DEN,0.35,0.552083333
2/1/23,POR,MEM,0.101736111,0.842013889
2/1/23,ORL,PHI,0.046180556,0.897916667
2/1/23,BRK,BOS,0,0.982638889
2/1/23,OKC,HOU,0.128125,0.85625
2/1/23,GSW,MIN,0.583647799,0.317295597
2/1/23,SAC,SAS,0.938541667,0.024305556
2/1/23,TOR,UTA,0.053819444,0.896527778
2/1/23,ATL,PHO,0.989236111,0
2/2/23,LAL,IND,0.028472222,0.95625
2/2/23,MEM,CLE,0.094097222,0.839236111
2/2/23,MIA,NYK,0.170486111,0.792708333
2/2/23,CHO,CHI,0.096875,0.850347222
2/2/23,NOP,DAL,0.018402778,0.967708333
2/2/23,GSW,DEN,0.463541667,0.486111111
2/2/23,LAC,MIL,0.846875,0.096527778
2/3/23,CHO,DET,0.495486111,0.386458333
2/3/23,SAC,IND,0.023611111,0.923958333
2/3/23,POR,WAS,0.154166667,0.831597222
2/3/23,PHO,BOS,0.869097222,0.125
2/3/23,TOR,HOU,0.691319444,0.290972222
2/3/23,ORL,MIN,0.60625,0.357291667
2/3/23,PHI,SAS,0.749652778,0.216319444
2/3/23,ATL,UTA,0.952777778,0.012152778
2/4/23,WAS,BRK,0.874652778,0.060069444
2/4/23,LAL,NOP,0.742013889,0.179861111
2/4/23,PHO,DET,0.942708333,0
2/4/23,LAC,NYK,0.939622642,0.016352201
2/4/23,POR,CHI,0.4,0.551041667
2/4/23,MIA,MIL,0.036805556,0.865972222
2/4/23,HOU,OKC,0,0.989236111
2/4/23,DAL,GSW,0,0.991666667
2/4/23,ATL,DEN,0.077777778,0.88125
2/5/23,ORL,CHO,0.497569444,0.477083333
2/5/23,CLE,IND,0.783680556,0.144444444
2/5/23,TOR,MEM,0.041319444,0.937152778
2/5/23,PHI,NYK,0.718055556,0.207638889
2/5/23,DEN,MIN,0,0.969097222
2/5/23,SAC,NOP,0,0.986458333
2/6/23,BOS,DET,0.929166667,0.053472222
2/6/23,CLE,WAS,0.981944444,0
2/6/23,LAC,BRK,0.543055556,0.355902778
2/6/23,SAS,CHI,0.100694444,0.810069444
2/6/23,SAC,HOU,0.964583333,0.015277778
2/6/23,DAL,UTA,0.481597222,0.417708333
2/6/23,OKC,GSW,0.373958333,0.606944444
2/6/23,MIL,POR,0.992361111,0
2/7/23,NYK,ORL,0.076041667,0.871875
2/7/23,PHO,BRK,0.698611111,0.130208333
2/7/23,ATL,NOP,0.184027778,0.742013889
2/7/23,CHI,MEM,0.182291667,0.773611111
2/7/23,MIN,DEN,0.023958333,0.9375
2/7/23,OKC,LAL,0.764930556,0.172222222
2/8/23,DET,CLE,0,0.991666667
2/8/23,CHO,WAS,0.395486111,0.505902778
2/8/23,PHI,BOS,0.196875,0.773611111
2/8/23,IND,MIA,0.222569444,0.723958333
2/8/23,SAS,TOR,0.110763889,0.853819444
2/8/23,SAC,HOU,0.261458333,0.602777778
2/8/23,MIN,UTA,0.951041667,0.011111111
2/8/23,DAL,LAC,0.972222222,0
2/8/23,GSW,POR,0.271875,0.643402778
2/9/23,DEN,ORL,0.189930556,0.767013889
2/9/23,PHO,ATL,0.035763889,0.959375
2/9/23,CHI,BRK,0.341319444,0.548611111
2/9/23,MIL,LAL,0.418402778,0.508333333
2/10/23,SAS,DET,0.518390805,0.367241379
2/10/23,PHO,IND,0.996180556,0
2/10/23,NYK,PHI,0.743055556,0.235416667
2/10/23,CHO,BOS,0,0.985416667
2/10/23,UTA,TOR,0.048263889,0.936805556
2/10/23,MIN,MEM,0.186458333,0.679166667
2/10/23,HOU,MIA,0.216319444,0.689583333
2/10/23,CLE,NOP,0.958333333,0.032638889
2/10/23,OKC,POR,0.409375,0.553472222
2/10/23,DAL,SAC,0.986458333,0
2/10/23,MIL,LAC,0.681944444,0.259375
2/11/23,PHI,BRK,0.028472222,0.942361111
2/11/23,DEN,CHO,0.473611111,0.519097222
2/11/23,MIA,ORL,0.083018868,0.879874214
2/11/23,IND,WAS,0.057638889,0.917361111
2/11/23,SAS,ATL,0.291319444,0.668055556
2/11/23,UTA,NYK,0.06875,0.876736111
2/11/23,CHI,CLE,0.680902778,0.251736111
2/11/23,LAL,GSW,0.202083333,0.584027778
2/11/23,DAL,SAC,0.479874214,0.367610063
2/12/23,MEM,BOS,0.334027778,0.579861111
2/12/23,DET,TOR,0.064236111,0.871875
2/13/23,ATL,CHO,0,0.995138889
2/13/23,SAS,CLE,0.00625,0.986458333
2/13/23,UTA,IND,0.482986111,0.477430556
2/13/23,HOU,PHI,0.104166667,0.826041667
2/13/23,DEN,MIA,0.657638889,0.303472222
2/13/23,BRK,NYK,0.167361111,0.742708333
2/13/23,ORL,CHI,0.920833333,0.047569444
2/13/23,NOP,OKC,0.99375,0
2/13/23,MIN,DAL,0.936458333,0.037152778
2/13/23,WAS,GSW,0.354861111,0.592013889
2/13/23,LAL,POR,0.115625,0.840972222
2/14/23,BOS,MIL,0.706603774,0.225786164
2/14/23,ORL,TOR,0.176736111,0.752430556
2/14/23,SAC,PHO,0.197916667,0.743055556
2/14/23,GSW,LAC,0.2,0.73125
2/14/23,WAS,POR,0.960069444,0
2/15/23,SAS,CHO,0.205902778,0.728125
2/15/23,CHI,IND,0.865625,0.072569444
2/15/23,NYK,ATL,0.994444444,0
2/15/23,DET,BOS,0,0.960763889
2/15/23,MIA,BRK,0.332986111,0.563541667
2/15/23,CLE,PHI,0,0.989583333
2/15/23,UTA,MEM,0,0.976736111
2/15/23,HOU,OKC,0.005208333,0.974652778
2/15/23,DAL,DEN,0.004861111,0.955555556
2/15/23,NOP,LAL,0,0.994097222
2/16/23,MIL,CHI,0.955902778,0.03125
2/16/23,WAS,MIN,0.025694444,0.954861111
2/16/23,LAC,PHO,0.886111111,0.035069444
2/23/23,DEN,CLE,0.521527778,0.357638889
2/23/23,BOS,IND,0.691823899,0.18490566
2/23/23,DET,ORL,0.245833333,0.688888889
2/23/23,MEM,PHI,0.938194444,0.029166667
2/23/23,NOP,TOR,0.017361111,0.934375
2/23/23,SAS,DAL,0.032638889,0.909375
2/23/23,OKC,UTA,0.633647799,0.328616352
2/23/23,GSW,LAL,0.025,0.944791667
2/23/23,POR,SAC,0.404513889,0.551041667
2/24/23,NYK,WAS,0.361458333,0.596180556
2/24/23,CLE,ATL,0.14375,0.841666667
2/24/23,MIA,MIL,0.057638889,0.930902778
2/24/23,BRK,CHI,0,0.984722222
2/24/23,CHO,MIN,0.794444444,0.132291667
2/24/23,HOU,GSW,0.162152778,0.776736111
2/24/23,OKC,PHO,0.113888889,0.764583333
2/24/23,SAC,LAC,0.137643678,0.772701149
2/25/23,TOR,DET,0.390625,0.469791667
2/25/23,MIA,CHO,0.011111111,0.923263889
2/25/23,IND,ORL,0.713541667,0.139930556
2/25/23,NOP,NYK,0,0.993055556
2/25/23,DEN,MEM,0.078125,0.888194444
2/25/23,BOS,PHI,0.367708333,0.606597222
2/25/23,SAS,UTA,0.65,0.327083333
2/26/23,PHO,MIL,0.264236111,0.694791667
2/26/23,BRK,ATL,0.183333333,0.726388889
2/26/23,WAS,CHI,0.199652778,0.683333333
2/26/23,LAL,DAL,0.152083333,0.796527778
2/26/23,TOR,CLE,0.037847222,0.946180556
2/26/23,SAC,OKC,0.986111111,0
2/26/23,MIN,GSW,0.845486111,0.098958333
2/26/23,HOU,POR,0.014583333,0.935069444
2/26/23,LAC,DEN,0.032389937,0.913522013
2/27/23,DET,CHO,0.070833333,0.911805556
2/27/23,MIA,PHI,0.8875,0.038194444
2/27/23,BOS,NYK,0.024652778,0.964583333
2/27/23,ORL,NOP,0.916319444,0.015972222
2/28/23,WAS,ATL,0.412847222,0.517708333
2/28/23,MIL,BRK,0.310763889,0.658680556
2/28/23,LAL,MEM,0.176041667,0.643055556
2/28/23,CHI,TOR,0.322569444,0.607291667
2/28/23,DEN,HOU,0.993055556,0
2/28/23,SAC,OKC,0.948263889,0.005208333
2/28/23,IND,DAL,0.714583333,0.233333333
2/28/23,SAS,UTA,0.443402778,0.5125
2/28/23,POR,GSW,0.687152778,0.286805556
2/28/23,MIN,LAC,0.562847222,0.401041667
3/1/23,PHO,CHO,0.968055556,0
3/1/23,CHI,DET,0.925347222,0.027777778
3/1/23,CLE,BOS,0.149305556,0.776388889
3/1/23,PHI,MIA,0.694791667,0.297916667
3/1/23,BRK,NYK,0.015625,0.947569444
3/1/23,MEM,HOU,0.85625,0.102430556
3/1/23,ORL,MIL,0.040972222,0.935069444
3/1/23,LAL,OKC,0.655902778,0.275
3/1/23,NOP,POR,0.355208333,0.553125
3/2/23,TOR,WAS,0.066319444,0.907291667
3/2/23,PHI,DAL,0.029166667,0.883680556
3/2/23,IND,SAS,0.4625,0.466319444
3/2/23,LAC,GSW,0.456597222,0.415972222
3/3/23,ORL,CHO,0.961458333,0.022916667
3/3/23,POR,ATL,0,0.995833333
3/3/23,BRK,BOS,0.378819444,0.597222222
3/3/23,PHO,CHI,0.901388889,0.077430556
3/3/23,NYK,MIA,0.811805556,0.143055556
3/3/23,UTA,OKC,0,0.995486111
3/3/23,MEM,DEN,0.610069444,0.306944444
3/3/23,NOP,GSW,0.636458333,0.296180556
3/3/23,LAC,SAC,0.224305556,0.684027778
3/3/23,MIN,LAL,0.653125,0.308680556
3/4/23,TOR,WAS,0.465408805,0.394968553
3/4/23,DET,CLE,0.028819444,0.935763889
3/4/23,ATL,MIA,0.045138889,0.95
3/4/23,HOU,SAS,0.747222222,0.216319444
3/4/23,PHI,MIL,0.096527778,0.809375
3/4/23,MIN,SAC,0.949652778,0.036458333
3/5/23,PHO,DAL,0.393402778,0.511111111
3/5/23,IND,CHI,0.584375,0.370138889
3/5/23,GSW,LAL,0.034722222,0.928819444
3/5/23,CHO,BRK,0.024305556,0.951041667
3/5/23,POR,ORL,0.677777778,0.188888889
3/5/23,SAS,HOU,0.115972222,0.867708333
3/5/23,UTA,OKC,0,0.990972222
3/5/23,NYK,BOS,0.48591954,0.386494253
3/5/23,MIL,WAS,0.880208333,0.080208333
3/5/23,MEM,LAC,0.440972222,0.516319444
3/6/23,BOS,CLE,0.888679245,0.076100629
3/6/23,POR,DET,0.978819444,0
3/6/23,PHI,IND,0.546180556,0.303472222
3/6/23,ATL,MIA,0.75,0.186458333
3/6/23,TOR,DEN,0.872222222,0.072222222
3/6/23,NOP,SAC,0.104166667,0.832291667
3/7/23,WAS,DET,0.439930556,0.454166667
3/7/23,MIL,ORL,0.967708333,0.010416667
3/7/23,PHI,MIN,0.636805556,0.228472222
3/7/23,CHO,NYK,0.061805556,0.836805556
3/7/23,BRK,HOU,0.691666667,0.285763889
3/7/23,GSW,OKC,0.067708333,0.872916667
3/7/23,UTA,DAL,0.332986111,0.617361111
3/7/23,MEM,LAL,0.448611111,0.446875
3/8/23,ATL,WAS,0.539583333,0.4
3/8/23,POR,BOS,0.050694444,0.937847222
3/8/23,CLE,MIA,0.627083333,0.323611111
3/8/23,DAL,NOP,0.163888889,0.762847222
3/8/23,CHI,DEN,0.495486111,0.438194444
3/8/23,OKC,PHO,0.005208333,0.989583333
3/8/23,TOR,LAC,0.427430556,0.498263889
3/9/23,CHO,DET,0.951041667,0.031597222
3/9/23,HOU,IND,0.003773585,0.968238994
3/9/23,UTA,ORL,0.889236111,0.051388889
3/9/23,GSW,MEM,0,0.994791667
3/9/23,BRK,MIL,0.059722222,0.901388889
3/9/23,NYK,SAC,0.033333333,0.954861111
3/10/23,POR,PHI,0.95625,0.000347222
3/10/23,ATL,WAS,0.544791667,0.397916667
3/10/23,CLE,MIA,0.541319444,0.426388889
3/10/23,BRK,MIN,0.30408805,0.632075472
3/10/23,DEN,SAS,0.480902778,0.495486111
3/10/23,TOR,LAL,0.624652778,0.339236111
3/11/23,NYK,LAC,0.149305556,0.742361111
3/11/23,UTA,CHO,0.992361111,0
3/11/23,IND,DET,0.854513889,0.064583333
3/11/23,MIA,ORL,0.200314465,0.699371069
3/11/23,BOS,ATL,0.831597222,0.128472222
3/11/23,CHI,HOU,0.097569444,0.856944444
3/11/23,DAL,MEM,0.353819444,0.558680556
3/11/23,MIL,GSW,0.209119497,0.637421384
3/11/23,OKC,NOP,0.956944444,0.036458333
3/11/23,SAC,PHO,0.542013889,0.337847222
3/12/23,BRK,DEN,0.668402778,0.272569444
3/12/23,CLE,CHO,0.198958333,0.784722222
3/12/23,WAS,PHI,0,0.958333333
3/12/23,POR,NOP,0.050694444,0.921180556
3/12/23,OKC,SAS,0.894791667,0.073611111
3/12/23,NYK,LAL,0.704861111,0.245486111
3/13/23,IND,DET,0.007986111,0.984027778
3/13/23,MIN,ATL,0.950347222,0.004513889
3/13/23,MEM,DAL,0.744791667,0.202777778
3/13/23,UTA,MIA,0.386805556,0.540277778
3/13/23,BOS,HOU,0.179513889,0.744097222
3/13/23,PHO,GSW,0,0.995138889
3/13/23,MIL,SAC,0.305555556,0.623611111
3/14/23,CLE,CHO,0.863194444,0.082291667
3/14/23,DET,WAS,0,0.994791667
3/14/23,DEN,TOR,0,0.980902778
3/14/23,LAL,NOP,0.987847222,0
3/14/23,BRK,OKC,0.552083333,0.415972222
3/14/23,ORL,SAS,0.062847222,0.929513889
3/14/23,MIL,PHO,0.875694444,0.092013889
3/14/23,NYK,POR,0.319097222,0.641666667
3/15/23,PHI,CLE,0.604513889,0.360763889
3/15/23,MEM,MIA,0.194444444,0.752083333
3/15/23,SAC,CHI,0.273611111,0.630902778
3/15/23,LAL,HOU,0.005208333,0.989236111
3/15/23,BOS,MIN,0.823263889,0.092013889
3/15/23,DAL,SAS,0.39591195,0.513522013
3/15/23,GSW,LAC,0.202777778,0.7625
3/16/23,DEN,DET,0.544097222,0.363541667
3/16/23,SAC,BRK,0.6,0.347569444
3/16/23,OKC,TOR,0.202777778,0.734722222
3/16/23,IND,MIL,0.275,0.712152778
3/16/23,ORL,PHO,0.260763889,0.628472222
3/17/23,PHI,CHO,0.801388889,0.131597222
3/17/23,GSW,ATL,0.176041667,0.804166667
3/17/23,WAS,CLE,0,0.986458333
3/17/23,MIN,CHI,0.709482759,0.152298851
3/17/23,NOP,HOU,0.779861111,0.189583333
3/17/23,MEM,SAS,0.13427673,0.816037736
3/17/23,BOS,POR,0.960069444,0.005208333
3/17/23,DAL,LAL,0.526736111,0.408680556
3/18/23,DEN,NYK,0.25,0.678472222
3/18/23,ORL,LAC,0.595486111,0.350694444
3/18/23,PHI,IND,0.871875,0.100347222
3/18/23,MIN,TOR,0.078125,0.857986111
3/18/23,MIA,CHI,0.046527778,0.904166667
3/18/23,GSW,MEM,0.020833333,0.967013889
3/18/23,SAC,WAS,0.821875,0.167708333
3/18/23,BOS,UTA,0.842361111,0.101041667
3/19/23,DEN,BRK,0.954166667,0.022916667
3/19/23,PHO,OKC,0.836805556,0.147916667
3/19/23,ATL,SAS,0.873611111,0.085069444
3/19/23,MIA,DET,0.4625,0.487847222
3/19/23,NOP,HOU,0.944791667,0.026736111
3/19/23,TOR,MIL,0.299652778,0.6125
3/19/23,LAC,POR,0.935763889,0
3/19/23,ORL,LAL,0.160763889,0.771875
3/20/23,IND,CHO,0.821180556,0.097222222
3/20/23,CHI,PHI,0.547988506,0.303735632
3/20/23,MIN,NYK,0.718055556,0.206944444
3/20/23,GSW,HOU,0.785416667,0.136805556
3/20/23,DAL,MEM,0.602430556,0.295833333
3/20/23,SAC,UTA,0.082291667,0.791666667
3/21/23,WAS,ORL,0.394791667,0.523611111
3/21/23,DET,ATL,0.027430556,0.923263889
3/21/23,CLE,BRK,0.717361111,0.212152778
3/21/23,SAS,NOP,0.023263889,0.931944444
3/21/23,BOS,SAC,0.532986111,0.371875
3/21/23,OKC,LAC,0.302777778,0.542708333
3/22/23,DEN,WAS,0.7625,0.184375
3/22/23,GSW,DAL,0.557986111,0.351736111
3/22/23,NYK,MIA,0.251041667,0.673611111
3/22/23,IND,TOR,0.878819444,0.049305556
3/22/23,PHI,CHI,0.992361111,0
3/22/23,HOU,MEM,0.041319444,0.904861111
3/22/23,SAS,MIL,0,0.990277778
3/22/23,ATL,MIN,0.376736111,0.596875
3/22/23,POR,UTA,0.613888889,0.312847222
3/22/23,PHO,LAL,0.146180556,0.735763889
3/23/23,NYK,ORL,0.086458333,0.804861111
3/23/23,CLE,BRK,0.428472222,0.504513889
3/23/23,CHO,NOP,0,0.991666667
3/23/23,OKC,LAC,0.214236111,0.705555556
3/24/23,IND,BOS,0.014583333,0.9375
3/24/23,SAS,WAS,0.090277778,0.864930556
3/24/23,DET,TOR,0.016666667,0.973958333
3/24/23,HOU,MEM,0.048263889,0.9375
3/24/23,CHO,DAL,0.975694444,0.005902778
3/24/23,MIL,UTA,0.995486111,0
3/24/23,PHI,GSW,0.394791667,0.475347222
3/24/23,CHI,POR,0.871180556,0.070138889
3/24/23,PHO,SAC,0.458680556,0.466666667
3/24/23,OKC,LAL,0.004861111,0.953472222
3/25/23,IND,ATL,0.298611111,0.621875
3/25/23,BRK,MIA,0.486805556,0.492361111
3/25/23,MIL,DEN,0.453125,0.469791667
3/25/23,PHI,PHO,0.192013889,0.692013889
3/25/23,UTA,SAC,0.214236111,0.745833333
3/25/23,NOP,LAC,0.990625,0
3/26/23,DAL,CHO,0.025694444,0.966319444
3/26/23,CHI,LAL,0.836458333,0.1125
3/26/23,MEM,ATL,0.948263889,0.017361111
3/26/23,SAS,BOS,0.264583333,0.676736111
3/26/23,HOU,CLE,0.019791667,0.959375
3/26/23,BRK,ORL,0.247569444,0.698958333
3/26/23,WAS,TOR,0,0.989930556
3/26/23,OKC,POR,0.373263889,0.5125
3/26/23,MIN,GSW,0.709027778,0.219444444
3/27/23,MIL,DET,0.939583333,0.033680556
3/27/23,DAL,IND,0.795833333,0.163194444
3/27/23,HOU,NYK,0.048958333,0.895833333
3/27/23,PHO,UTA,0.780555556,0.126041667
3/27/23,PHI,DEN,0.040972222,0.940277778
3/27/23,NOP,POR,0.964930556,0.008333333
3/27/23,MIN,SAC,0.821527778,0.127430556
3/27/23,CHI,LAC,0.161111111,0.737152778
3/28/23,BOS,WAS,0.065625,0.880208333
3/28/23,CLE,ATL,0.178125,0.752430556
3/28/23,MIA,TOR,0.252777778,0.741666667
3/28/23,ORL,MEM,0.0375,0.927777778
3/28/23,CHO,OKC,0.336458333,0.605902778
3/28/23,NOP,GSW,0.663194444,0.299305556
3/29/23,MIL,IND,0.899652778,0.043402778
3/29/23,HOU,BRK,0.410416667,0.438888889
3/29/23,MIA,NYK,0.429166667,0.379166667
3/29/23,DAL,PHI,0.781597222,0.171527778
3/29/23,LAL,CHI,0.871180556,0.063888889
3/29/23,LAC,MEM,0.692361111,0.234375
3/29/23,DET,OKC,0.340972222,0.541666667
3/29/23,UTA,SAS,0.879861111,0.023263889
3/29/23,MIN,PHO,0.263541667,0.541666667
3/29/23,SAC,POR,0.757986111,0.179861111
3/30/23,BOS,MIL,0.872916667,0.048263889
3/30/23,NOP,DEN,0.959375,0.032638889
3/31/23,CHI,CHO,0.984027778,0
3/31/23,OKC,IND,0.271180556,0.614930556
3/31/23,TOR,PHI,0.015277778,0.959722222
3/31/23,ORL,WAS,0.128125,0.853472222
3/31/23,UTA,BOS,0.105902778,0.873958333
3/31/23,ATL,BRK,0.273958333,0.655208333
3/31/23,NYK,CLE,0.701388889,0.276041667
3/31/23,DET,HOU,0.342013889,0.521527778
3/31/23,LAC,MEM,0.326041667,0.653125
3/31/23,LAL,MIN,0.415277778,0.508680556
3/31/23,SAS,GSW,0.514930556,0.441319444
3/31/23,SAC,POR,0.938888889,0.036111111
3/31/23,DEN,PHO,0.014583333,0.953125
4/1/23,DAL,MIA,0.079166667,0.864583333
4/1/23,LAC,NOP,0.560763889,0.362847222
4/2/23,TOR,CHO,0.896875,0.069791667
4/2/23,UTA,BRK,0.030208333,0.961805556
4/2/23,MEM,CHI,0.694444444,0.282638889
4/2/23,POR,MIN,0.435416667,0.492013889
4/2/23,DAL,ATL,0.137421384,0.789308176
4/2/23,SAS,SAC,0.702201258,0.159119497
4/2/23,DET,ORL,0.005902778,0.971527778
4/2/23,WAS,NYK,0.423611111,0.517708333
4/2/23,LAL,HOU,0.977083333,0.006944444
4/2/23,PHO,OKC,0.781597222,0.166666667
4/2/23,PHI,MIL,0,0.992708333
4/2/23,IND,CLE,0.536111111,0.376041667
4/2/23,GSW,DEN,0.629513889,0.331944444
4/4/23,TOR,CHO,0.623958333,0.340277778
4/4/23,MIL,WAS,0.889930556,0.036458333
4/4/23,CLE,ORL,0.564930556,0.405208333
4/4/23,MIA,DET,0.771527778,0.129861111
4/4/23,MIN,BRK,0.510069444,0.412847222
4/4/23,DEN,HOU,0.470833333,0.417013889
4/4/23,POR,MEM,0.084375,0.808680556
4/4/23,SAC,NOP,0.75,0.206944444
4/4/23,BOS,PHI,0.135763889,0.730902778
4/4/23,ATL,CHI,0.981597222,0.005902778
4/4/23,LAL,UTA,0.814779874,0.108805031
4/4/23,OKC,GSW,0.761458333,0.156944444
4/4/23,SAS,PHO,0,0.981597222
4/5/23,BRK,DET,0.8625,0.090277778
4/5/23,NYK,IND,0.766666667,0.120833333
4/5/23,WAS,ATL,0.240972222,0.700347222
4/5/23,TOR,BOS,0.174652778,0.785069444
4/5/23,CHI,MIL,0.251736111,0.694791667
4/5/23,MEM,NOP,0.721698113,0.207861635
4/5/23,SAC,DAL,0.501388889,0.412847222
4/5/23,LAL,LAC,0.00625,0.982638889
4/6/23,CLE,ORL,0.626388889,0.358333333
4/6/23,MIA,PHI,0.934027778,0.044097222
4/6/23,POR,SAS,0.455902778,0.448263889
4/6/23,OKC,UTA,0.914236111,0.030208333
4/6/23,DEN,PHO,0.302430556,0.573958333
4/7/23,HOU,CHO,0.702777778,0.189236111
4/7/23,MIA,WAS,0.109027778,0.815972222
4/7/23,DET,IND,0.804166667,0.169791667
4/7/23,ORL,BRK,0.071527778,0.890625
4/7/23,TOR,BOS,0.025694444,0.940972222
4/7/23,PHI,ATL,0.258805031,0.706603774
4/7/23,MEM,MIL,0.698263889,0.251736111
4/7/23,NYK,NOP,0.126388889,0.784722222
4/7/23,CHI,DAL,0.227430556,0.720486111
4/7/23,GSW,SAC,0.979861111,0
4/7/23,PHO,LAL,0.425694444,0.487847222
4/8/23,DEN,UTA,0.284722222,0.661805556
4/8/23,POR,LAC,0.368402778,0.598263889
4/8/23,MIN,SAS,0.809722222,0.124652778
4/9/23,ATL,BOS,0.175,0.775694444
4/9/23,PHI,BRK,0.945138889,0.030902778
4/9/23,DET,CHI,0.004513889,0.972916667
4/9/23,CHO,CLE,0.209722222,0.726736111
4/9/23,ORL,MIA,0.410416667,0.475694444
4/9/23,IND,NYK,0.245833333,0.713194444
4/9/23,MIL,TOR,0.071180556,0.903125
4/9/23,HOU,WAS,0.225347222,0.682986111
4/9/23,SAS,DAL,0.991319444,0
4/9/23,SAC,DEN,0.665972222,0.3125
4/9/23,UTA,LAL,0.042361111,0.953472222
4/9/23,NOP,MIN,0.780555556,0.168402778
4/9/23,MEM,OKC,0.255902778,0.596180556
4/9/23,LAC,PHO,0.247916667,0.673611111
4/9/23,GSW,POR,0.993055556,0